
INSERT INTO "user" (active, first_name, last_name, password, username) VALUES (true,'microservice','trainersHours','$2a$10$8kJIJcWfJbENgpksxbKQgeZzBViXmTPUICo2Dj6yb/Qoz85PEtQ2C','microservice.trainersHours'),(true, 'Olga', 'Kurilenko', '$2a$10$dksj1.woqq4VzAH6gG61v.P7pwqMDNl91UKyYVfvIz/N7G2IGPhNy', 'Olga.Kurilenko'), (true, 'Kim','Johnson', '$2a$10$c/zsM4W71ijkSfghmuJRV.qDCoz9ECswPf.B9RFAW4sMxNTPQRnBO', 'Kim.Johnson'), (true, 'Tomas','Kuk', '$2a$10$.IsccR8G0mt21FLW6YlMsOS0Pjkn.HK4/wvuEVcO0IoBVNudJswk.', 'Tomas.Kuk'), (true, 'George','TheThird', '$2a$10$.IsccR8G0mt21FLW6YlMsOS0Pjkn.HK4/wvuEVcO0IoBVNudJswk.', 'George.TheThird'), (true, 'Monica', 'Dobs', '$2a$10$QclcSxyB.BIaFJvIeIDxmOG4CH9o6j48/YOZ/mrq3FX8e5/d6qMri', 'Monica.Dobs'), (true, 'Wallace', 'Tim', '$2a$10$4FLMHMTwgX3OFR38MqpCBeomrBZwHY0tKg5pWiyw3ZUzdWS29CEHW', 'Wallace.Tim'), (true, 'Tom','Robins', '$2a$10$fX62Stm49tYkAlHeKH6hL.lNxiFZ.muA6U3VlrKxOW9WMklEih1/K', 'Tom.Robins'), (true, 'Bob','Getty', '$2a$10$fX62Stm49tYkAlHeKH6hL.lNxiFZ.muA6U3VlrKxOW9WMklEih1/K', 'Bob.Getty');

INSERT INTO trainee (address, date_of_birth, user_id) VALUES ('California', '1986-12-30', 1), ('Chicago', '1972-02-01',2), ('Sweden Oslo', '1962-05-05',3), ('UK', '1900-12-30',4);

INSERT INTO training_type (id, training_type) VALUES (1, 'YOGA'), (2, 'FITNESS'),(3, 'ZUMBA'), (4, 'STRETCHING'), (5, 'RESISTANCE');

INSERT INTO trainer (specialization_id, user_id)  VALUES (1,5), (2,6), (3,7), (2,8);

INSERT INTO training (training_date, training_duration, training_name, trainee_id, trainer_id, training_type_id) VALUES ('2024-09-01', 3600, 'Strength Training', 1, 1, 1), ('2024-09-03', 7200, 'Cardio Session', 2, 2, 2), ('2024-09-05', 10800, 'Yoga Basics', 3, 3, 3), ('2024-09-07', 5400, 'HIIT Workout', 4, 4, 4), ('2024-09-10', 7200, 'Pilates Advanced', 1, 1, 5), ('2024-09-12', 10800, 'Strength Training', 2, 2, 1), ('2024-09-15', 3600, 'Cardio Session', 3, 3, 2), ('2024-09-18', 5400, 'Yoga Basics', 4, 4, 3), ('2024-09-20', 7200, 'HIIT Workout', 1, 1, 4), ('2024-09-23', 10800, 'Pilates Advanced', 2, 2, 5), ('2024-10-01', 5400, 'Strength Training', 3, 3, 1), ('2024-10-04', 7200, 'Cardio Session', 4, 4, 2), ('2024-10-07', 3600, 'Yoga Basics', 1, 1, 3), ('2024-10-09', 7200, 'HIIT Workout', 2, 2, 4), ('2024-10-12', 10800, 'Pilates Advanced', 3, 3, 5), ('2024-10-15', 3600, 'Strength Training', 4, 4, 1), ('2024-10-17', 5400, 'Cardio Session', 1, 1, 2), ('2024-10-20', 7200, 'Yoga Basics', 2, 2, 3), ('2024-10-23', 10800, 'HIIT Workout', 3, 3, 4), ('2024-10-25', 7200, 'Pilates Advanced', 4, 4, 5), ('2024-11-01', 3600, 'Strength Training', 1, 1, 1), ('2024-11-03', 7200, 'Cardio Session', 2, 2, 2), ('2024-11-06', 5400, 'Yoga Basics', 3, 3, 3), ('2024-11-08', 10800, 'HIIT Workout', 4, 4, 4), ('2024-11-11', 7200, 'Pilates Advanced', 1, 1, 5), ('2024-11-14', 3600, 'Strength Training', 2, 2, 1), ('2024-11-17', 5400, 'Cardio Session', 3, 3, 2), ('2024-11-20', 7200, 'Yoga Basics', 4, 4, 3), ('2024-11-23', 10800, 'HIIT Workout', 1, 1, 4), ('2024-11-25', 7200, 'Pilates Advanced', 2, 2, 5), ('2024-12-01', 5400, 'Strength Training', 3, 3, 1), ('2024-12-03', 7200, 'Cardio Session', 4, 4, 2), ('2024-12-06', 3600, 'Yoga Basics', 1, 1, 3), ('2024-12-08', 7200, 'HIIT Workout', 2, 2, 4), ('2024-12-11', 10800, 'Pilates Advanced', 3, 3, 5), ('2024-12-14', 3600, 'Strength Training', 4, 4, 1), ('2024-12-17', 5400, 'Cardio Session', 1, 1, 2), ('2024-12-20', 7200, 'Yoga Basics', 2, 2, 3), ('2025-01-01', 10800, 'HIIT Workout', 3, 3, 4), ('2025-01-03', 7200, 'Pilates Advanced', 4, 4, 5);

INSERT INTO trainee2trainer (trainee_id, trainer_id) VALUES (2,3), (2,4), (3,3), (3,2), (3,1), (1,1), (4,2);